CREATE DATABASE  IF NOT EXISTS `vendaswk` /*!40100 DEFAULT CHARACTER SET utf8mb4 COLLATE utf8mb4_0900_ai_ci */ /*!80016 DEFAULT ENCRYPTION='N' */;
USE `vendaswk`;
-- MySQL dump 10.13  Distrib 8.0.40, for Win64 (x86_64)
--
-- Host: localhost    Database: vendaswk
-- ------------------------------------------------------
-- Server version	8.0.40

/*!40101 SET @OLD_CHARACTER_SET_CLIENT=@@CHARACTER_SET_CLIENT */;
/*!40101 SET @OLD_CHARACTER_SET_RESULTS=@@CHARACTER_SET_RESULTS */;
/*!40101 SET @OLD_COLLATION_CONNECTION=@@COLLATION_CONNECTION */;
/*!50503 SET NAMES utf8 */;
/*!40103 SET @OLD_TIME_ZONE=@@TIME_ZONE */;
/*!40103 SET TIME_ZONE='+00:00' */;
/*!40014 SET @OLD_UNIQUE_CHECKS=@@UNIQUE_CHECKS, UNIQUE_CHECKS=0 */;
/*!40014 SET @OLD_FOREIGN_KEY_CHECKS=@@FOREIGN_KEY_CHECKS, FOREIGN_KEY_CHECKS=0 */;
/*!40101 SET @OLD_SQL_MODE=@@SQL_MODE, SQL_MODE='NO_AUTO_VALUE_ON_ZERO' */;
/*!40111 SET @OLD_SQL_NOTES=@@SQL_NOTES, SQL_NOTES=0 */;

--
-- Table structure for table `clientes`
--

DROP TABLE IF EXISTS `clientes`;
/*!40101 SET @saved_cs_client     = @@character_set_client */;
/*!50503 SET character_set_client = utf8mb4 */;
CREATE TABLE `clientes` (
  `CODIGO` int NOT NULL AUTO_INCREMENT,
  `NOME` varchar(100) DEFAULT NULL,
  `CIDADE` varchar(100) DEFAULT NULL,
  `UF` char(2) DEFAULT NULL,
  PRIMARY KEY (`CODIGO`)
) ENGINE=InnoDB AUTO_INCREMENT=27 DEFAULT CHARSET=utf8mb4 COLLATE=utf8mb4_0900_ai_ci;
/*!40101 SET character_set_client = @saved_cs_client */;

--
-- Dumping data for table `clientes`
--

LOCK TABLES `clientes` WRITE;
/*!40000 ALTER TABLE `clientes` DISABLE KEYS */;
INSERT INTO `clientes` VALUES (1,'JOAO DA SILVA','SÃO PAULO','SP'),(2,'MARIA SILVIA','RIO DE JANEIRO','RJ'),(3,'PEDRO ALVES','SÃO PAULO','SP'),(4,'CARLOS JOSE','SALVADOR','BA'),(5,'ANTONIO PEREIRA','FLORIANÓPOLIS','SC'),(6,'SILVIA MARTINS','SÃO PAULO','SP'),(7,'MARA VIEIRA','BELO HORIZONTE','MG'),(8,'LUCAS FERNANDES','RIO DE JANEIRO','RJ'),(9,'JULIA COSTA','SANTA CATARINA','SC'),(10,'RAFAEL MENDES','SALVADOR','BA'),(11,'THAIS OLIVEIRA','SÃO PAULO','SP'),(12,'FABIANA LIMA','RIO DE JANEIRO','RJ'),(13,'VICTOR HUGO','FLORIANÓPOLIS','SC'),(14,'CARLA NUNES','SÃO PAULO','SP'),(15,'RICARDO SOUSA','SALVADOR','BA'),(16,'GABRIEL SANTOS','SÃO PAULO','SP'),(17,'DANIELA PACHECO','RIO DE JANEIRO','RJ'),(18,'LUIZ CARLOS','FLORIANÓPOLIS','SC'),(19,'SAMARA BARBOSA','SÃO PAULO','SP'),(20,'MATHEUS CUNHA','SALVADOR','BA'),(21,'CAMILA REIS','RIO DE JANEIRO','RJ'),(22,'SANDRA LOPES','SANTA CATARINA','SC'),(23,'JOSÉ ALMEIDA','SÃO PAULO','SP'),(24,'ROBERTA MOREIRA','RIO DE JANEIRO','RJ'),(25,'PAULO GONÇALVES','FLORIANÓPOLIS','SC'),(26,'ANDRÉ PONTES','SALVADOR','BA');
/*!40000 ALTER TABLE `clientes` ENABLE KEYS */;
UNLOCK TABLES;

--
-- Table structure for table `pedidoprodutos`
--

DROP TABLE IF EXISTS `pedidoprodutos`;
/*!40101 SET @saved_cs_client     = @@character_set_client */;
/*!50503 SET character_set_client = utf8mb4 */;
CREATE TABLE `pedidoprodutos` (
  `ID` int NOT NULL AUTO_INCREMENT,
  `NUMEROPEDIDO_ID` int DEFAULT NULL,
  `CODIGOPRODUTO` int DEFAULT NULL,
  `QUANTIDADE` int DEFAULT NULL,
  `VLRUNITARIO` decimal(10,2) DEFAULT NULL,
  `VLRTOTAL` decimal(10,2) DEFAULT NULL,
  `DESCRICAO` varchar(100) DEFAULT NULL,
  PRIMARY KEY (`ID`),
  KEY `NUMEROPEDIDO_ID` (`NUMEROPEDIDO_ID`),
  KEY `CODIGOPRODUTO` (`CODIGOPRODUTO`),
  CONSTRAINT `pedidoprodutos_ibfk_1` FOREIGN KEY (`NUMEROPEDIDO_ID`) REFERENCES `pedidosgerais` (`NUMEROPEDIDO`),
  CONSTRAINT `pedidoprodutos_ibfk_2` FOREIGN KEY (`CODIGOPRODUTO`) REFERENCES `produtos` (`CODIGO`)
) ENGINE=InnoDB AUTO_INCREMENT=122 DEFAULT CHARSET=utf8mb4 COLLATE=utf8mb4_0900_ai_ci;
/*!40101 SET character_set_client = @saved_cs_client */;

--
-- Dumping data for table `pedidoprodutos`
--

LOCK TABLES `pedidoprodutos` WRITE;
/*!40000 ALTER TABLE `pedidoprodutos` DISABLE KEYS */;
INSERT INTO `pedidoprodutos` VALUES (1,8,15,1,850.00,850.00,'FERRO PARA CONSTRUÇÃO'),(2,8,25,1,100.00,100.00,'COLA DE CONTATO'),(3,9,23,2,600.00,1200.00,'FURADEIRA'),(4,9,3,10,60.00,600.00,'BRITA'),(5,9,17,2,120.00,240.00,'LUMINÁRIA LED'),(6,10,3,1,60.00,60.00,'BRITA'),(7,11,5,1,85.30,85.30,'ARGAMASSA'),(8,12,6,15,500.00,7500.00,'REVESTIMENTO CERÂMICO'),(9,12,7,9,120.00,1080.00,'PINTURA ACRÍLICA'),(10,13,19,3,150.00,450.00,'ESCADA DE ALUMÍNIO'),(11,14,9,1,300.00,300.00,'CAIXA D’ÁGUA'),(12,14,15,15,850.00,12750.00,'FERRO PARA CONSTRUÇÃO'),(13,15,23,2,600.00,1200.00,'FURADEIRA'),(14,15,17,1,120.00,120.00,'LUMINÁRIA LED'),(15,16,5,1,85.30,85.30,'ARGAMASSA'),(16,17,16,1,200.00,200.00,'CABO ELÉTRICO'),(17,18,5,1,85.30,85.30,'ARGAMASSA'),(18,18,9,1,300.00,300.00,'CAIXA D’ÁGUA'),(19,18,8,1,90.00,90.00,'TINTA PVA'),(20,18,10,1,350.00,350.00,'PORTA'),(21,19,2,1,45.00,45.00,'AREIA'),(22,20,3,1,60.00,60.00,'BRITA'),(23,20,6,1,500.00,500.00,'REVESTIMENTO CERÂMICO'),(24,21,2,1,45.00,45.00,'AREIA'),(25,21,6,1,500.00,500.00,'REVESTIMENTO CERÂMICO'),(26,21,7,1,120.00,120.00,'PINTURA ACRÍLICA'),(27,22,9,1,300.00,300.00,'CAIXA D’ÁGUA'),(28,22,15,1,850.00,850.00,'FERRO PARA CONSTRUÇÃO'),(30,24,7,1,120.00,120.00,'PINTURA ACRÍLICA'),(33,27,8,1,90.00,90.00,'TINTA PVA'),(34,28,6,1,500.00,500.00,'REVESTIMENTO CERÂMICO'),(37,31,6,1,500.00,500.00,'REVESTIMENTO CERÂMICO'),(39,32,8,5,90.00,450.00,'TINTA PVA'),(40,33,6,1,500.00,500.00,'REVESTIMENTO CERÂMICO'),(41,33,15,1,850.00,850.00,'FERRO PARA CONSTRUÇÃO'),(64,48,26,1,15.00,15.00,'ESPÁTULA'),(65,48,5,10,85.30,853.00,'ARGAMASSA'),(66,49,15,1,850.00,850.00,'FERRO PARA CONSTRUÇÃO'),(67,49,11,3,450.00,1350.00,'JANELA DE ALUMÍNIO'),(68,50,5,5,15.66,78.30,'ARGAMASSA'),(69,51,5,1,85.30,85.30,'ARGAMASSA'),(70,51,9,1,120.00,120.00,'CAIXA D’ÁGUA'),(71,51,7,1,120.00,120.00,'PINTURA ACRÍLICA'),(72,51,15,1,850.00,850.00,'FERRO PARA CONSTRUÇÃO'),(73,52,7,1,120.00,120.00,'PINTURA ACRÍLICA'),(74,52,8,1,90.00,90.00,'TINTA PVA'),(75,52,9,1,300.00,300.00,'CAIXA D’ÁGUA'),(79,54,22,1,30.00,30.00,'TRENA'),(80,54,21,1,400.00,400.00,'SERRA CIRCULAR'),(81,54,15,1,850.00,850.00,'FERRO PARA CONSTRUÇÃO'),(82,54,23,1,600.00,600.00,'FURADEIRA'),(83,54,26,1,15.00,15.00,'ESPÁTULA'),(84,54,12,1,1000.00,1000.00,'LAJE'),(93,57,5,1,85.30,85.30,'ARGAMASSA'),(94,57,9,1,300.00,300.00,'CAIXA D’ÁGUA'),(95,57,15,1,850.00,850.00,'FERRO PARA CONSTRUÇÃO'),(96,57,12,1,1000.00,1000.00,'LAJE'),(106,61,7,1,120.00,120.00,'PINTURA ACRÍLICA'),(107,61,8,1,90.00,90.00,'TINTA PVA'),(108,61,9,1,300.00,300.00,'CAIXA D’ÁGUA'),(109,61,6,1,500.00,500.00,'REVESTIMENTO CERÂMICO'),(114,62,5,1,85.30,85.30,'ARGAMASSA'),(115,62,4,9,1.20,10.80,'TIJOLO'),(116,62,9,1,300.00,300.00,'CAIXA D’ÁGUA'),(117,57,7,1,120.00,120.00,'PINTURA ACRÍLICA'),(118,57,12,1,1000.00,1000.00,'LAJE'),(119,63,9,1,300.00,300.00,'CAIXA D’ÁGUA'),(120,63,7,1,120.00,120.00,'PINTURA ACRÍLICA'),(121,63,12,1,1000.00,1000.00,'LAJE');
/*!40000 ALTER TABLE `pedidoprodutos` ENABLE KEYS */;
UNLOCK TABLES;

--
-- Table structure for table `pedidosgerais`
--

DROP TABLE IF EXISTS `pedidosgerais`;
/*!40101 SET @saved_cs_client     = @@character_set_client */;
/*!50503 SET character_set_client = utf8mb4 */;
CREATE TABLE `pedidosgerais` (
  `NUMEROPEDIDO` int NOT NULL AUTO_INCREMENT,
  `DATAEMISSAO` timestamp NULL DEFAULT NULL,
  `CODIGOCLIENTE_ID` int DEFAULT NULL,
  `VALORTOTAL` decimal(10,2) DEFAULT NULL,
  PRIMARY KEY (`NUMEROPEDIDO`),
  KEY `CODIGOCLIENTE_ID` (`CODIGOCLIENTE_ID`),
  CONSTRAINT `pedidosgerais_ibfk_1` FOREIGN KEY (`CODIGOCLIENTE_ID`) REFERENCES `clientes` (`CODIGO`)
) ENGINE=InnoDB AUTO_INCREMENT=64 DEFAULT CHARSET=utf8mb4 COLLATE=utf8mb4_0900_ai_ci;
/*!40101 SET character_set_client = @saved_cs_client */;

--
-- Dumping data for table `pedidosgerais`
--

LOCK TABLES `pedidosgerais` WRITE;
/*!40000 ALTER TABLE `pedidosgerais` DISABLE KEYS */;
INSERT INTO `pedidosgerais` VALUES (8,'2024-10-23 23:38:03',2,950.00),(9,'2024-10-23 23:40:29',21,2040.00),(10,'2024-10-24 00:02:22',2,60.00),(11,'2024-10-25 02:44:07',2,85.30),(12,'2024-10-25 02:44:36',3,8580.00),(13,'2024-10-25 02:45:50',2,450.00),(14,'2024-10-25 02:50:27',6,13050.00),(15,'2024-10-25 02:51:24',15,1320.00),(16,'2024-10-25 02:53:03',3,85.30),(17,'2024-10-25 02:53:45',22,200.00),(18,'2024-10-25 04:44:33',2,825.30),(19,'2024-10-29 21:13:02',7,45.00),(20,'2024-10-29 21:37:55',2,560.00),(21,'2024-10-29 21:40:47',3,665.00),(22,'2024-10-29 21:41:34',3,1150.00),(24,'2024-10-30 03:56:43',2,120.00),(27,'2024-10-30 04:03:11',2,90.00),(28,'2024-10-30 04:08:55',2,500.00),(31,'2024-10-30 04:26:43',15,500.00),(32,'2024-10-30 14:36:58',3,450.00),(33,'2024-10-30 14:37:18',9,1350.00),(34,'2024-11-01 00:21:50',9,606.00),(35,'2024-11-01 00:22:09',9,606.00),(36,'2024-11-01 00:22:33',5,150.00),(38,'2024-11-01 00:27:28',2,5310.00),(39,'2024-11-01 00:27:57',3,1500.00),(40,'2024-11-01 00:30:36',2,1440.00),(41,'2024-11-01 00:32:15',12,1710.00),(42,'2024-11-01 00:33:08',2,120.00),(43,'2024-11-01 00:34:12',2,120.00),(44,'2024-11-01 00:37:49',2,3001.20),(45,'2024-11-01 00:38:40',2,300.00),(46,'2024-11-01 00:40:20',12,300.00),(47,'2024-11-01 00:41:41',5,300.00),(48,'2024-11-01 00:45:46',2,868.00),(49,'2024-11-01 00:48:06',2,2200.00),(50,'2024-11-01 01:00:21',5,78.30),(51,'2024-11-10 21:55:01',6,1175.30),(52,'2024-11-10 21:59:24',6,510.00),(54,'2024-11-10 22:00:51',11,645.00),(55,'2024-11-10 22:04:54',3,1265.30),(56,'2024-11-10 22:05:11',3,1265.30),(57,'2024-11-10 22:05:54',6,3355.30),(58,'2024-11-10 22:08:59',6,1385.30),(59,'2024-11-10 22:09:39',6,420.00),(60,'2024-11-10 22:14:08',5,1351.20),(61,'2024-11-10 22:16:19',6,920.00),(62,'2024-11-10 22:23:17',3,396.10),(63,'2024-11-10 22:25:17',6,1420.00);
/*!40000 ALTER TABLE `pedidosgerais` ENABLE KEYS */;
UNLOCK TABLES;

--
-- Table structure for table `produtos`
--

DROP TABLE IF EXISTS `produtos`;
/*!40101 SET @saved_cs_client     = @@character_set_client */;
/*!50503 SET character_set_client = utf8mb4 */;
CREATE TABLE `produtos` (
  `CODIGO` int NOT NULL AUTO_INCREMENT,
  `DESCRICAO` varchar(255) DEFAULT NULL,
  `PRECOVENDA` decimal(10,2) DEFAULT NULL,
  PRIMARY KEY (`CODIGO`)
) ENGINE=InnoDB AUTO_INCREMENT=33 DEFAULT CHARSET=utf8mb4 COLLATE=utf8mb4_0900_ai_ci;
/*!40101 SET character_set_client = @saved_cs_client */;

--
-- Dumping data for table `produtos`
--

LOCK TABLES `produtos` WRITE;
/*!40000 ALTER TABLE `produtos` DISABLE KEYS */;
INSERT INTO `produtos` VALUES (1,'CIMENTO',75.50),(2,'AREIA',45.00),(3,'BRITA',60.00),(4,'TIJOLO',1.20),(5,'ARGAMASSA',85.30),(6,'REVESTIMENTO CERÂMICO',500.00),(7,'PINTURA ACRÍLICA',120.00),(8,'TINTA PVA',90.00),(9,'CAIXA D’ÁGUA',300.00),(10,'PORTA',350.00),(11,'JANELA DE ALUMÍNIO',450.00),(12,'LAJE',1000.00),(13,'TETO MODULAR',600.00),(14,'TUBOS PVC',50.00),(15,'FERRO PARA CONSTRUÇÃO',850.00),(16,'CABO ELÉTRICO',200.00),(17,'LUMINÁRIA LED',120.00),(18,'PISO LAMINADO',300.00),(19,'ESCADA DE ALUMÍNIO',150.00),(20,'MARTELO',50.00),(21,'SERRA CIRCULAR',400.00),(22,'TRENA',30.00),(23,'FURADEIRA',600.00),(24,'BALDE',25.00),(25,'COLA DE CONTATO',80.00),(26,'ESPÁTULA',15.00),(27,'PÁ',50.00),(28,'ESCOVA DE AÇO',40.00),(29,'CINTA DE AÇO',700.00),(30,'PLACA DE GESSO',200.00),(31,'PREGOS',10.00),(32,'PARAFUSOS',15.00);
/*!40000 ALTER TABLE `produtos` ENABLE KEYS */;
UNLOCK TABLES;
/*!40103 SET TIME_ZONE=@OLD_TIME_ZONE */;

/*!40101 SET SQL_MODE=@OLD_SQL_MODE */;
/*!40014 SET FOREIGN_KEY_CHECKS=@OLD_FOREIGN_KEY_CHECKS */;
/*!40014 SET UNIQUE_CHECKS=@OLD_UNIQUE_CHECKS */;
/*!40101 SET CHARACTER_SET_CLIENT=@OLD_CHARACTER_SET_CLIENT */;
/*!40101 SET CHARACTER_SET_RESULTS=@OLD_CHARACTER_SET_RESULTS */;
/*!40101 SET COLLATION_CONNECTION=@OLD_COLLATION_CONNECTION */;
/*!40111 SET SQL_NOTES=@OLD_SQL_NOTES */;

-- Dump completed on 2024-11-10 19:32:56
